"","date","blrooms","blprice","blprofit","maxprofit","maxprofitprice","maxprofitrooms","incprofit","incprofitpercent","pricediff","pricediffpercent","incbookings","incbookingspercent"
"1",2019.0848733744,23.1755875456634,175.478635962712,2487.43080150585,2628.81590853036,166.208400944447,24.3343669229466,141.385107024513,0.0568398151775401,-9.27023501826537,-0.0528282828699172,1.15877937728317,0.05
"2",2019.08761122519,35.4855437261218,157.62397338822,3706.2338067997,4142.25157186745,186.012408369118,31.9369893535096,436.01776506775,0.117644430383157,28.3884349808974,0.180102267254601,-3.54855437261218,-0.1
"3",2019.09034907598,56.0064424576363,194.955375471454,8518.59595670798,9825.17591070476,239.760529437563,50.4057982118726,1306.57995399678,0.153379730725215,44.805153966109,0.229822613804611,-5.60064424576363,-0.1
"4",2019.09308692676,54.7277739137104,173.017494554461,7100.6679772504,8447.0942305615,216.799713685429,49.2549965223393,1346.42625331111,0.189619660801614,43.7822191309683,0.253050821500521,-5.47277739137104,-0.1
"5",2019.09582477755,54.2621339763159,168.299347311888,6775.72838255628,8118.10855653849,211.709054492941,48.8359205786843,1342.38017398221,0.198115995534604,43.4097071810527,0.257931524241785,-5.42621339763159,-0.1
"6",2019.09856262834,32.5242152263807,172.498721587735,3797.28016653549,4079.18584466813,198.518093768839,29.2717937037426,281.905678132642,0.0742388408990751,26.0193721811045,0.150838058054075,-3.25242152263807,-0.1
"7",2019.10130047912,21.4710176284074,143.784786148853,1550.43023738862,1629.47001004326,135.19637909749,22.5445685098277,79.0397726546439,0.0509792512740013,-8.58840705136296,-0.0597309860201192,1.07355088142037,0.0500000000000001
"8",2019.10403832991,20.1668891609779,153.318566608029,1587.78631007968,1692.82404842916,145.251810943638,21.1752336190268,105.037738349475,0.066153573489498,-8.0667556643912,-0.0526143430822342,1.0083444580489,0.0500000000000001
"9",2019.1067761807,31.1709190422744,173.613206013822,3632.41021326971,3868.74005157955,198.549941247642,28.053827138047,236.329838309847,0.0650614397697983,24.9367352338195,0.143633861768754,-3.11709190422744,-0.1
"10",2019.10951403149,59.7697695544131,193.368945727347,9063.37308624302,10629.1820314818,241.184761370878,53.7927925989718,1565.8089452388,0.172762274082647,47.8158156435304,0.24727763531871,-5.9769769554413,-0.0999999999999999
"11",2019.11225188227,55.1044288113809,182.47391633494,7677.51021232806,8996.03780482781,226.557459384045,49.5939859302428,1318.52759249975,0.171738956515166,44.0835430491047,0.241588189339824,-5.51044288113809,-0.1
"12",2019.11498973306,58.4236645566297,180.238959945429,8069.6289219718,9620.25972753704,226.977891590732,52.5812981009667,1550.63080556524,0.192156395363264,46.7389316453038,0.25931647441516,-5.84236645566297,-0.1
"13",2019.11772758385,73.8924083330092,175.37985560614,10111.9296955079,12932.0000926186,234.493782272547,66.5031674997083,2820.07039711078,0.278885482991794,59.1139266664073,0.337062238203472,-7.38924083330092,-0.0999999999999999
"14",2019.12046543463,52.4237588461332,162.058397549923,6185.11638099463,7445.34509681659,203.99740462683,47.1813829615198,1260.22871582196,0.203751819398958,41.9390070769065,0.258789471640844,-5.24237588461332,-0.1
"15",2019.12320328542,41.5737625531604,156.345970615815,4460.5461946963,5158.92354286179,189.604980658344,37.4163862978444,698.377348165494,0.156567675276154,33.2590100425283,0.21272700480561,-4.15737625531604,-0.0999999999999999
"16",2019.12594113621,52.5636737115172,167.560973638275,6493.5285023185,7733.49230380326,209.611912607489,47.3073063403655,1239.96380148476,0.190953778218119,42.0509389692137,0.250959027368699,-5.25636737115172,-0.0999999999999999
"17",2019.128678987,72.7925253499269,183.755185438109,10556.1908604359,13215.6730321025,241.98920571805,65.5132728149342,2659.48217166663,0.251935779376086,58.2340202799415,0.316910895010119,-7.27925253499269,-0.1
"18",2019.13141683778,78.5308686589041,186.763226466292,11703.4066914649,14873.3761015903,249.587921393415,70.6777817930137,3169.96941012538,0.270858690439013,62.8246949271232,0.336386857926029,-7.8530868658904,-0.1
"19",2019.13415468857,84.3144751654485,169.640785193081,11195.311891073,15094.2108221117,237.09236532544,75.8830276489036,3898.89893103872,0.348261751791628,67.4515801323588,0.397614170764343,-8.43144751654485,-0.1
"20",2019.13689253936,69.5403332443633,166.47759317618,8838.39897608199,11336.3768008445,222.10985977167,62.586299919927,2497.97782476251,0.282627864110051,55.6322665954906,0.334172698764429,-6.95403332443633,-0.1
"21",2019.13963039014,42.780601159064,146.009938738963,4176.87792547435,4976.91961450916,180.234419666214,38.5025410431576,800.041689034819,0.191540596423814,34.2244809272512,0.23439829660115,-4.2780601159064,-0.1
"22",2019.14236824093,43.4757468916636,147.834902820458,4340.33914448434,5167.20643884326,182.615500333789,39.1281722024972,826.867294358924,0.190507531055424,34.7805975133309,0.235266482067303,-4.34757468916636,-0.0999999999999999
"23",2019.14510609172,49.8369649208377,164.437312379991,5949.13244573751,7042.49981337875,204.306884316661,44.8532684287539,1093.36736764123,0.18378601882105,39.8695719366702,0.242460615292333,-4.98369649208377,-0.1
"24",2019.14784394251,65.2162055647813,175.977414174386,8846.17407843592,10923.8271677452,228.150378626212,58.6945850083032,2077.65308930923,0.234864594669675,52.1729644518251,0.296475344274145,-6.52162055647813,-0.1
"25",2019.15058179329,60.7752686367144,175.392061838923,8140.11795908988,9885.52212324355,224.012276748294,54.697741773043,1745.40416415367,0.214420008767148,48.6202149093715,0.277208753917401,-6.07752686367144,-0.0999999999999999
"26",2019.15331964408,60.8772244228415,166.44785411501,7610.9527590888,9418.20372964881,215.149633653283,54.7895019805573,1807.25097056,0.23745397294732,48.7017795382732,0.292594817741669,-6.08772244228415,-0.1
"27",2019.15605749487,40.7195605933126,150.670448839583,4117.24545631218,4799.34039341793,183.246097314233,36.6476045339814,682.094937105753,0.165667785499655,32.5756484746501,0.216204628880698,-4.07195605933126,-0.1
"28",2019.15879534565,20.1509793183372,151.86022111814,1556.35769207132,1658.51491973164,143.799829390805,21.158528284254,102.157227660311,0.0656386563196488,-8.06039172733486,-0.0530777030876588,1.00754896591686,0.05
"29",2019.16153319644,17.5492663537869,128.317033747063,813.138144110397,880.87877165896,121.297327205548,18.4267296714762,67.7406275485637,0.0833076495540305,-7.01970654151478,-0.0547059602028515,0.877463317689347,0.0500000000000001
"30",2019.16427104723,32.1827213230482,167.401802565941,3582.87752787941,3870.31361235649,193.147979624379,28.9644491907434,287.436084477086,0.0802249259821088,25.7461770584386,0.153798684744132,-3.21827213230482,-0.1
"31",2019.16700889801,66.7624474780781,170.918529034563,8741.87813074843,10976.891880823,224.328487017026,60.0862027302703,2235.01375007462,0.255667456883578,53.4099579824625,0.312487816763634,-6.67624474780781,-0.0999999999999999
"32",2019.1697467488,59.792818082681,160.72070494712,7115.12342095635,8877.74146673409,208.554959413264,53.8135362744129,1762.61804577775,0.247728386634344,47.8342544661448,0.297623473477691,-5.9792818082681,-0.0999999999999999
"33",2019.17248459959,50.0819100238569,166.68987449235,6096.09954561746,7192.39194343486,206.755402511436,45.0737190214712,1096.29239781739,0.179835055122341,40.0655280190855,0.240359698758572,-5.00819100238569,-0.1
"34",2019.17522245038,27.8798630114541,162.675238785126,2838.36679739853,3014.17658596564,184.979129194289,25.0918767103087,175.809788567107,0.0619404753213163,22.3038904091632,0.137106855202616,-2.78798630114541,-0.1
"35",2019.17796030116,20.965129705826,141.415038302099,1440.65637771221,1517.53229563959,133.028986419769,22.0133861911173,76.8759179273766,0.0533617308864845,-8.38605188233041,-0.0593009907787574,1.0482564852913,0.0500000000000001
"36",2019.18069815195,22.8236944273286,154.608630049369,1958.14776739149,2053.28691014749,145.479152278438,23.9648791486951,95.1391427559988,0.0485862938131256,-9.12947777093146,-0.0590489532700487,1.14118472136643,0.0500000000000001
"37",2019.18343600274,32.255569318183,153.657547396626,3149.92243835928,3484.03385599223,179.462002851172,29.0300123863647,334.11141763295,0.106069728436546,25.8044554545464,0.167934838813606,-3.2255569318183,-0.1
"38",2019.18617385352,50.4412834262326,171.76939333954,6403.23656773597,7494.82552401595,212.122420080526,45.3971550836093,1091.58895627998,0.170474563095198,40.3530267409861,0.234925593881672,-5.04412834262326,-0.1
"39",2019.18891170431,57.1385024238288,168.411403083417,7194.31280268649,8725.54361306912,214.12220502248,51.4246521814459,1531.23081038263,0.212839065019641,45.710801939063,0.271423437499786,-5.71385024238288,-0.1
"40",2019.1916495551,48.7500731022611,170.319111831968,6084.31732496411,7087.01572425027,209.319170313777,43.875065792035,1002.69839928617,0.164800477314368,39.0000584818089,0.228982279571098,-4.87500731022611,-0.1
"41",2019.19438740589,32.3286964599106,152.123288218233,3109.730197793,3451.26130066757,177.986245386162,29.0958268139196,341.531102874567,0.109826602679858,25.8629571679285,0.170013135206662,-3.23286964599106,-0.1
"42",2019.19712525667,31.5826211275023,145.193247816431,2796.01780787034,3134.58863632732,170.459344718433,28.4243590147521,338.570828456981,0.121090369132828,25.2660969020018,0.174017024083282,-3.15826211275023,-0.1
"43",2019.19986310746,35.1733573492854,143.572559199436,3170.59499654108,3644.29434528575,171.711245078865,31.6560216143569,473.699348744675,0.149403928682614,28.1386858794284,0.195989303501521,-3.51733573492854,-0.1
"44",2019.20260095825,45.6829748216325,165.728249370851,5428.88507270098,6288.5891811897,202.274629228157,41.1146773394692,859.704108488715,0.158357396956461,36.546379857306,0.220519917371033,-4.56829748216325,-0.1
"45",2019.20533880903,69.740419969596,176.262010208064,9549.07611735569,11996.0513534458,232.054346183741,62.7663779726364,2446.97523609008,0.256252563705366,55.7923359756768,0.316530691496246,-6.9740419969596,-0.0999999999999999
"46",2019.20807665982,63.175434925145,174.053715641585,8416.53331286602,10348.4975977259,224.594063581701,56.8578914326305,1931.96428485989,0.229543947970427,50.540347940116,0.290372128821368,-6.3175434925145,-0.1
"47",2019.21081451061,54.1534775946585,165.765330330416,6622.93216215288,7972.11032356612,209.088112406143,48.7381298351926,1349.17816141324,0.203713118054145,43.3227820757268,0.261350078387155,-5.41534775946585,-0.0999999999999999
"48",2019.2135523614,39.0756967437457,151.951844973807,3960.73179525551,4564.03387045657,183.212402368804,35.1681270693711,603.302075201056,0.152320860484353,31.2605573949965,0.205726737970079,-3.90756967437456,-0.0999999999999999
"49",2019.21629021218,28.850511216649,147.745964449864,2541.28382415921,2786.44887991592,170.826373423183,25.9654600949841,245.165055756712,0.0964729139760004,23.0804089733192,0.156216848692008,-2.8850511216649,-0.1
"50",2019.21902806297,37.2395574757764,143.228707458836,3402.78474670009,3960.99121354407,173.020353439457,33.5156017281988,558.206466843984,0.164044013476114,29.7916459806211,0.208000522445427,-3.72395574757764,-0.0999999999999999
"51",2019.22176591376,52.7781163567264,168.252440293872,6560.59396221498,7810.11585363168,210.474933379253,47.5003047210538,1249.52189141669,0.190458653380041,42.2224930853811,0.250947284994112,-5.27781163567264,-0.1
"52",2019.22450376454,64.6236575452937,170.685408336406,8414.72393767816,10480.1278663729,222.384334372641,58.1612917907643,2065.40392869478,0.245451181047858,51.6989260362349,0.302890133023796,-6.46236575452937,-0.1
"53",2019.22724161533,60.6383454139398,163.483378034534,7397.4029113473,9205.10905308157,211.994054365686,54.5745108725458,1807.70614173427,0.244370377468736,48.5106763311518,0.296731551025967,-6.06383454139398,-0.1
"54",2019.22997946612,58.7348090366803,166.574259103097,7315.3370729299,8967.64337629113,213.562106332441,52.8613281330123,1652.30630336123,0.225868785934078,46.9878472293443,0.282083483260534,-5.87348090366803,-0.1
"55",2019.23271731691,54.4065032613218,145.038597509782,5530.88034690047,7009.04098213986,188.56380011884,48.9658529351896,1478.16063523939,0.267255941645484,43.5252026090574,0.300093929177175,-5.44065032613218,-0.1
"56",2019.23545516769,36.1556170568796,142.439975245999,3246.11477216375,3762.70791917726,171.364468891502,32.5400553511917,516.593147013508,0.15914198457905,28.9244936455037,0.203064438866619,-3.61556170568797,-0.1
"57",2019.23819301848,37.630549883913,149.079215870779,3669.16912238215,4221.81417503121,179.183655777909,33.8674948955217,552.645052649065,0.150618582631664,30.1044399071304,0.201935861624231,-3.7630549883913,-0.1
"58",2019.24093086927,42.3769291263895,153.350455310235,4439.09814802165,5188.16730119128,187.251998611347,38.1392362137505,749.069153169621,0.168743543889304,33.9015433011116,0.221072335471891,-4.23769291263895,-0.1
"59",2019.24366872005,64.3595143978067,167.74624885572,8187.07925846264,10250.7172399518,219.233860373966,57.923562958026,2063.63798148921,0.252060339999288,51.4876115182453,0.306937483666357,-6.43595143978067,-0.0999999999999999
"60",2019.24640657084,70.3845895278001,169.418455406426,9164.83370402019,11715.2234525759,225.726127028666,63.3461305750201,2550.38974855575,0.278279980949028,56.30767162224,0.332358546695287,-7.03845895278,-0.1
"61",2019.24914442163,74.4617105912729,165.913256122406,9492.64209586051,12435.451254083,225.482624595424,67.0155395321456,2942.80915822246,0.310009492457926,59.5693684730184,0.359039234508602,-7.44617105912729,-0.1
"62",2019.25188227242,63.3921376013921,156.536952335282,7338.40858210592,9397.93316286048,207.250662416395,57.0529238412529,2059.52458075456,0.280650028914517,50.7137100811136,0.323972770164143,-6.3392137601392,-0.0999999999999999
"63",2019.2546201232,48.7408141434884,150.977952281528,5140.26795833119,6236.72137612453,189.970603596318,43.8667327291396,1096.45341779334,0.213306665465997,38.9926513147907,0.25826718885471,-4.87408141434884,-0.0999999999999999
"64",2019.25735797399,55.8045828295127,150.975622580289,6030.01706478114,7569.20441294171,195.619288843899,50.2241245465614,1539.18734816057,0.255254227579276,44.6436662636102,0.295701156919348,-5.58045828295127,-0.1
"65",2019.26009582478,67.6212398952322,163.608312949125,8372.86598140621,10727.8744844429,217.705304865311,60.859115905709,2355.00850303673,0.281266714201152,54.0969919161857,0.330649408584804,-6.76212398952322,-0.0999999999999999
"66",2019.26283367556,78.5393212672478,171.934810721513,10540.1603045992,13827.4102634256,234.766267735312,70.685389140523,3287.24995882646,0.311878554388976,62.8314570137983,0.365437672278989,-7.85393212672479,-0.1
"67",2019.26557152635,77.9535083237896,174.531506856813,10656.5055644314,13866.114619179,236.894313515844,70.1581574914106,3209.6090547476,0.301187761348377,62.3628066590317,0.357315465741063,-7.79535083237896,-0.1
"68",2019.26830937714,67.0062510946354,167.640864081696,8557.8295550139,10834.7297332578,221.245864957405,60.3056259851718,2276.90017824388,0.26606047288122,53.6050008757083,0.319760943546467,-6.70062510946354,-0.1
"69",2019.27104722793,44.7247333459666,166.557169815169,5331.10667319313,6138.21328233865,202.336956491942,40.25226001137,807.106609145517,0.151395696732906,35.7797866767733,0.214819852645664,-4.47247333459666,-0.1
"70",2019.27378507871,29.8740703766177,148.869221813422,2700.47784995104,2973.00132318025,172.768478114716,26.8866633389559,272.523473229214,0.100916759318783,23.8992563012941,0.160538598980836,-2.98740703766177,-0.0999999999999999
"71",2019.2765229295,34.6984365333054,160.965231758654,3717.78096491381,4112.86954687862,188.723980985298,31.2285928799749,395.088581964812,0.106269999683527,27.7587492266443,0.172451832755194,-3.46984365333054,-0.1
"72",2019.27926078029,42.0090243307098,158.252972878817,4597.82737980564,5308.67049198216,191.860192343385,37.8081218976388,710.843112176514,0.154604132225286,33.6072194645678,0.212363906049984,-4.20090243307097,-0.0999999999999999
"73",2019.28199863107,67.1046293051763,156.360436502148,7814.89339684281,10175.5865745718,210.044139946289,60.3941663746586,2360.693177729,0.302076184261543,53.683703444141,0.343333036444954,-6.71046293051762,-0.0999999999999999
"74",2019.28473648186,62.4018833409663,158.426589992357,7326.07050328599,9297.13988499708,208.34809666513,56.1616950068697,1971.06938171109,0.269048650409111,49.921506672773,0.315108130997337,-6.24018833409663,-0.1
"75",2019.28747433265,57.2383082902329,150.56924353956,6187.37107348866,7827.51520000777,196.359890171746,51.5144774612096,1640.14412651911,0.265079321579195,45.7906466321863,0.304116867135322,-5.72383082902329,-0.1
"76",2019.29021218344,42.5178772205529,170.261320416523,5176.2029863651,5860.17700373483,204.275622192965,38.2660894984976,683.974017369736,0.132138175255381,34.0143017764423,0.199777035049597,-4.25178772205528,-0.0999999999999999
"77",2019.29295003422,36.1058871496169,147.64068804182,3428.05084238931,3923.8630206902,176.525397761513,32.4952984346552,495.812178300894,0.144633846199118,28.8847097196935,0.195641933824582,-3.61058871496169,-0.1
"78",2019.29568788501,32.9813188203207,149.214944343271,3096.77268163382,3470.28793508234,175.599999399528,29.6831869382886,373.515253448517,0.120614359479384,26.3850550562565,0.176825821115861,-3.29813188203207,-0.1
"79",2019.2984257358,46.4805851517966,155.678944548556,5074.03380963605,6022.1506818309,192.863412669993,41.8325266366169,948.116872194852,0.186856632763127,37.1844681214372,0.238853547146445,-4.64805851517966,-0.1
"80",2019.30116358658,72.9299580779024,169.322793542075,9525.45528270932,12302.4304798145,227.666760004397,65.6369622701121,2776.97519710518,0.291532017597727,58.3439664623219,0.344572430219348,-7.29299580779023,-0.1
"81",2019.30390143737,73.2143205733625,166.295220074982,9344.83353805358,12169.792634902,224.866676533673,65.8928885160263,2824.95909684839,0.302301703432676,58.57145645869,0.352213710245431,-7.32143205733625,-0.1
"82",2019.30663928816,74.2138761545648,155.170407700372,8660.45051606465,11659.9490424554,214.541508624024,66.7924885391083,2999.49852639079,0.346344398692296,59.3711009236519,0.382618708061236,-7.42138761545648,-0.1
"83",2019.30937713895,66.4623029954751,158.171480929675,7850.88331590421,10146.2061423267,211.341323326055,59.8160726959276,2295.32282642246,0.292364914120252,53.16984239638,0.33615315532147,-6.6462302995475,-0.1
"84",2019.31211498973,41.9010918538744,148.200549497815,4162.23754095574,4910.11886581387,181.721422980914,37.7109826684869,747.881324858135,0.179682518717182,33.5208734830995,0.226185892000311,-4.19010918538743,-0.0999999999999999
"85",2019.31485284052,34.3312515420191,147.439359539102,3203.49645098062,3631.76388524036,174.904360772717,30.8981263878172,428.267434259738,0.133687500770804,27.4650012336153,0.186279981949673,-3.43312515420191,-0.1
"86",2019.31759069131,35.7647115171209,158.728261921746,3782.75270931724,4225.43994311559,187.340031135443,32.1882403654088,442.687233798348,0.117027801660936,28.6117692136967,0.180256300089787,-3.57647115171208,-0.1
"87",2019.32032854209,69.0261416982678,142.783995952603,7130.17479441259,9747.67524615085,198.004909311217,62.123527528441,2617.50045173827,0.367101863167424,55.2209133586142,0.386744417609272,-6.90261416982678,-0.1
"88",2019.32306639288,70.4331041758349,162.765869629029,8703.27784745589,11304.742020678,219.112352969697,63.3897937582514,2601.4641732221,0.298906253347128,56.3464833406679,0.346181195536209,-7.04331041758349,-0.1
"89",2019.32580424367,70.0694822093879,152.428863780315,7928.87450361732,10570.9943359616,208.484449547826,63.0625339884491,2642.11983234431,0.333227601362454,56.0555857675103,0.367749154440324,-7.00694822093879,-0.1
"90",2019.32854209446,48.260933004575,153.769874429373,5214.55428284348,6270.06356577902,192.378620833032,43.4348397041175,1055.50928293554,0.202416012123663,38.6087464036599,0.251081341822863,-4.82609330045749,-0.1
"91",2019.33127994524,31.6238120154413,150.756967589585,2976.91470268499,3299.27038261583,176.056017201938,28.4614308138972,322.355679930839,0.108285158335271,25.299049612353,0.167813468371334,-3.16238120154413,-0.0999999999999999
"92",2019.33401779603,42.8246738594278,134.345819882054,3682.69907434072,4534.87510454642,168.605558969597,38.542206473485,852.176030205705,0.231399854564077,34.2597390875422,0.255011574737641,-4.28246738594277,-0.0999999999999999
"93",2019.33675564682,67.9824618317756,148.581341948262,7401.36386211736,9888.79035993598,202.967311413683,61.184215648598,2487.42649781862,0.336076775058999,54.3859694654205,0.366034986306412,-6.79824618317756,-0.1
"94",2019.3394934976,72.5979672466105,150.688459956513,8124.72669919984,11006.9887200846,208.766833753801,65.3381705219495,2882.26202088476,0.354751873828399,58.0783737972884,0.385420182899534,-7.25979672466104,-0.0999999999999999
"95",2019.34223134839,76.2021657489737,172.336406583823,10227.3532753586,13285.4923945033,233.298139183002,68.5819491740763,3058.13911914466,0.299015692213626,60.961732599179,0.353736820951572,-7.62021657489737,-0.1
"96",2019.34496919918,72.5944199445205,163.820036296401,9077.56001161448,11864.1678715516,221.895572252017,65.3349779500684,2786.60785993715,0.306977630153011,58.0755359556164,0.354508137518295,-7.25944199445205,-0.1
"97",2019.34770704997,62.31108492023,156.925991824997,7220.45167979299,9193.92985064769,206.774859761181,56.079976428207,1973.4781708547,0.273317828076828,49.848867936184,0.317658453876621,-6.231108492023,-0.1
"98",2019.35044490075,49.4519388918824,144.906192196746,4929.59368927178,6097.39018766446,184.467743310252,44.5067450026941,1167.79649839268,0.23689508142104,39.5615511135059,0.273014910638128,-4.94519388918824,-0.1
"99",2019.35318275154,47.2312718366003,152.429505232173,5018.65760162424,6022.96282975986,190.214522701453,42.5081446529403,1004.30522813562,0.200114314993432,37.7850174692803,0.24788519395722,-4.72312718366003,-0.1
"100",2019.35592060233,56.0217120127224,158.419186664529,6474.3712522919,7986.60532318492,203.236556274707,50.4195408114502,1512.23407089303,0.233572344242339,44.8173696101779,0.28290367192128,-5.60217120127224,-0.1
"101",2019.35865845311,79.2877771612361,172.447764439102,10690.80548977,14048.0420979553,235.877986168091,71.3589994451125,3357.23660818528,0.314030276895209,63.4302217289888,0.367822812521228,-7.92877771612361,-0.1
"102",2019.3613963039,79.4485731138467,174.75896990515,10898.1364699636,14253.0173772422,238.317828396227,71.5037158024621,3354.88090727853,0.307839869368944,63.5588584910773,0.363694398780068,-7.94485731138467,-0.0999999999999999
"103",2019.36413415469,73.5366370405158,155.33161790329,8584.14888065739,11519.2326233962,214.160927535702,66.1829733364642,2935.08374273882,0.341919016497072,58.8293096324126,0.378733643713414,-7.35366370405157,-0.0999999999999999
"104",2019.36687200548,66.6030226705196,143.255369769439,6876.16507366463,9282.44165906999,196.537787905855,59.9427204034676,2406.27658540535,0.3499445635215,53.2824181364157,0.371940111021112,-6.66030226705196,-0.1
"105",2019.36960985626,44.9595675088332,141.531619441517,4239.21121119456,5170.67124169366,177.499273448584,40.4636107579499,931.4600304991,0.21972484599007,35.9676540070665,0.254131579565009,-4.49595675088332,-0.1
"106",2019.37234770705,41.4616582967099,151.623714041857,4250.02916386379,4962.75600575086,184.793040679225,37.3154924670389,712.726841887075,0.167699282618362,33.1693266373679,0.218760810912541,-4.14616582967099,-0.1
"107",2019.37508555784,66.1258360709554,163.052655652621,8128.84727684524,10364.2534103404,215.953324509385,59.5132524638599,2235.40613349514,0.274996694778929,52.9006688567643,0.324439173621727,-6.61258360709554,-0.0999999999999999
"108",2019.37782340862,81.6809962728708,166.318934529308,10543.0713645745,14192.4495376497,231.663731547605,73.5128966455837,3649.37817307523,0.34613994792233,65.3447970182966,0.392888501860753,-8.16809962728708,-0.1
"109",2019.38056125941,79.3242524983487,164.031876295511,10028.5996605843,13456.2223593096,227.49127829419,71.3918272485138,3427.62269872525,0.341784777010985,63.4594019986789,0.386872377685626,-7.93242524983486,-0.0999999999999999
"110",2019.3832991102,73.7726659634313,173.038682957259,9921.20830747217,12747.6199719384,232.056815728004,66.3953993670882,2826.41166446624,0.284885830119857,59.0181327707451,0.341069012790179,-7.37726659634313,-0.1
"111",2019.38603696099,72.4399235580054,164.127451143935,9078.38192568677,11848.7743511827,222.079389990339,65.1959312022049,2770.39242549589,0.305163678745132,57.9519388464043,0.353091079173479,-7.24399235580054,-0.1
"112",2019.38877481177,70.442901084443,166.296231618882,8953.31646753343,11530.7704862788,222.650552486436,63.3986109759987,2577.45401874535,0.287877014968892,56.3543208675544,0.338879121426561,-7.0442901084443,-0.1
"113",2019.39151266256,56.4454497553013,154.929794091796,6333.94566412514,7894.53503232896,200.086153896037,50.8009047797712,1560.58936820382,0.246385026168262,45.156359804241,0.291463369385786,-5.64454497553013,-0.1
"114",2019.39425051335,64.3229738916795,154.945006941461,7358.44928884973,9501.56473855893,206.403386054805,57.8906765025116,2143.1154497092,0.291245528178969,51.4583791133436,0.332107372345239,-6.43229738916795,-0.1
"115",2019.39698836413,76.8943138703317,176.339799314753,10637.1700295816,13730.6225906476,237.855250411018,69.2048824832985,3093.45256106598,0.290815372177298,61.5154510962653,0.348846099038964,-7.68943138703317,-0.1
"116",2019.39972621492,83.4172180648408,187.389512414128,12546.0813684925,16201.5444658108,254.123286866001,75.0754962583567,3655.46309731833,0.291362935561573,66.7337744518726,0.356123315505469,-8.34172180648407,-0.1
"117",2019.40246406571,81.2116021814963,178.257483132107,11446.285751462,14950.2906931135,243.226764877304,73.0904419633467,3504.00494165144,0.306125936197589,64.969281745197,0.364468748260337,-8.12116021814963,-0.1
"118",2019.4052019165,72.6036653373117,165.903509346575,9230.11123745153,12002.4305124033,223.986441616425,65.3432988035805,2772.31927495174,0.300355998279084,58.0829322698494,0.350100685022359,-7.26036653373117,-0.1
"119",2019.40793976728,39.0455171389229,149.909112757795,3877.14090299211,4487.10454691796,181.145526468933,35.1409654250306,609.963643925848,0.157323053040223,31.2364137111383,0.208369011973317,-3.90455171389228,-0.0999999999999999
"120",2019.41067761807,43.1108599101848,146.701648341779,4246.662712501,5060.14973563172,181.190336269927,38.7997739191663,813.487023130715,0.191559132006419,34.4886879281478,0.235094072343329,-4.31108599101847,-0.0999999999999999
"121",2019.41341546886,67.1774910811711,164.9600229757,8402.16319517055,10711.1738973853,218.702015840636,60.459741973054,2309.01070221473,0.274811456119053,53.7419928649368,0.325787981205929,-6.7177491081171,-0.1
"122",2019.41615331964,78.7632016367852,169.026040938211,10343.9521033642,13676.1790841232,232.03660224764,70.8868814731067,3332.22698075893,0.322142537732282,63.0105613094281,0.372786116030855,-7.87632016367851,-0.0999999999999999
"123",2019.41889117043,81.2521677620046,165.712175921295,10433.1693241138,14043.2310232404,230.713910130899,73.1269509858042,3610.06169912658,0.346017742737366,65.0017342096037,0.392256838389934,-8.12521677620046,-0.1
"124",2019.42162902122,76.9387961857741,166.798448982885,9909.80196575308,13080.9181873094,228.349485931504,69.2449165671967,3171.11622155628,0.319997940676839,61.5510369486193,0.36901444422265,-7.69387961857741,-0.1
"125",2019.42436687201,73.2227170713261,146.446815287928,7892.66579504159,10863.7269481588,205.024988944989,65.9004453641935,2971.06115311722,0.376433163429235,58.5781736570609,0.399996227585357,-7.32227170713261,-0.1
"126",2019.42710472279,62.0217825889498,154.240118167204,7015.70251073649,8983.75735083073,203.857544238364,55.8196043300548,1968.05484009424,0.280521421351949,49.6174260711599,0.321689497264079,-6.20217825889498,-0.1
"127",2019.42984257358,52.4359978434894,156.063660303429,5872.45380903042,7164.87281441392,198.01245857822,47.1923980591405,1292.4190053835,0.220081595771102,41.9487982747915,0.268792864355687,-5.24359978434894,-0.1
"128",2019.43258042437,64.807103004207,160.832127326263,7802.88666691368,9946.5696320768,212.677809729628,58.3263927037863,2143.68296516312,0.274729475983921,51.8456824033656,0.322358991734231,-6.4807103004207,-0.0999999999999999
"129",2019.43531827515,76.8718256855598,183.298203019823,11168.6718688772,14206.4845426359,244.795663568271,69.1846431170038,3037.81267375866,0.271994083936146,61.4974605484479,0.335504983329253,-7.68718256855598,-0.1
"130",2019.43805612594,82.7572360535542,180.551295504897,11872.9952805349,15516.8030383225,246.757084347741,74.4815124481988,3643.80775778757,0.306898779262666,66.2057888428434,0.366686866785997,-8.27572360535542,-0.1
"131",2019.44079397673,78.350588117519,173.769285404085,10656.1610052331,13910.4914587298,236.4497558981,70.5155293057671,3254.33045349669,0.305394264585393,62.6804704940151,0.360710872167411,-7.83505881175189,-0.0999999999999999
"132",2019.44353182752,64.2854753629395,170.576225059296,8358.43682947909,10398.0812332313,222.004605349647,57.8569278266456,2039.64440375225,0.24402223111368,51.4283802903516,0.301497938956464,-6.42854753629395,-0.1
"133",2019.4462696783,62.2572212027726,154.710617655622,7075.42261573433,9058.57270032238,204.51639461784,56.0314990824953,1983.15008458805,0.280287156300448,49.805776962218,0.321928628538496,-6.22572212027725,-0.0999999999999999
"134",2019.44900752909,71.9228686487361,159.592421881791,8680.27308011936,11436.733077065,217.13071680078,64.7305817838625,2756.45999694567,0.317554525244011,57.5382949189889,0.360532751120269,-7.19228686487361,-0.1
"135",2019.45174537988,78.8817211258546,174.732190800894,10811.1329183194,14110.0942944869,237.837567701578,70.9935490132691,3298.96137616757,0.305144835522048,63.1053769006836,0.361154842799354,-7.88817211258545,-0.0999999999999999
"136",2019.45448323066,86.1152923788115,184.491587883615,12734.6647225584,16700.605628974,253.383821786664,77.5037631409303,3965.94090641566,0.311428764935627,68.8922339030491,0.373416667357806,-8.61152923788114,-0.1
"137",2019.45722108145,85.8484236300688,185.69405375949,12795.3312019777,16722.1634064128,254.372792663545,77.2635812670619,3926.832204435,0.306895706132878,68.678738904055,0.369848885915363,-8.58484236300687,-0.1
"138",2019.45995893224,82.6408397113979,178.491194269685,11684.6411827521,15333.4231039845,244.603866038804,74.3767557402581,3648.78192123236,0.312271627700334,66.1126717691183,0.370397385930577,-8.26408397113978,-0.0999999999999999
"139",2019.46269678303,77.0580058251666,159.88773377523,9394.17977499523,12630.0759059567,221.534138435364,69.3522052426499,3235.89613096149,0.344457548020804,61.6464046601333,0.385560563056047,-7.70580058251666,-0.1
"140",2019.46543463381,72.4022845117261,159.948853571533,8770.60529081738,11567.8501395478,217.870681180914,65.1620560605535,2797.24484873045,0.318934070794304,57.9218276093808,0.362127182008696,-7.2402284511726,-0.0999999999999999
"141",2019.4681724846,79.9947145716719,164.391333684709,10150.569951873,13642.904095456,228.387105342046,71.9952431145047,3492.33414358305,0.344053009844896,63.9957716573375,0.389289205354809,-7.99947145716719,-0.1
"142",2019.47091033539,86.2843232820261,176.690205505981,12088.4867305951,16140.0268573863,245.717664131602,77.6558909538235,4051.54012679127,0.335156932135858,69.0274586256209,0.390669411628955,-8.62843232820261,-0.1
"143",2019.47364818617,89.131965635679,190.958234869342,13792.1836873321,18033.0105732164,262.263807377885,80.2187690721111,4240.82688588429,0.307480452843694,71.3055725085432,0.373409256517961,-8.91319656356789,-0.0999999999999999
"144",2019.47638603696,87.3281684714507,181.595679802061,12675.2139076557,16798.5630030664,251.458214579222,78.5953516243056,4123.34909541063,0.325308048089047,69.8625347771605,0.384714740203679,-8.73281684714506,-0.0999999999999999
"145",2019.47912388775,78.3124482806498,185.004484644377,11530.3429283848,14692.9531156572,247.654443268897,70.4812034525849,3162.61018727232,0.274285873968828,62.6499586245199,0.338640215911241,-7.83124482806498,-0.1
"146",2019.48186173854,72.7943734432791,179.084187349112,10216.4618755955,12910.1106676356,237.319686103736,65.5149360989512,2693.64879204015,0.263657695280456,58.2354987546232,0.325185040715499,-7.2794373443279,-0.0999999999999999
"147",2019.48459958932,69.6578031729905,163.795323284857,8668.17731070816,11194.950450516,219.52156582325,62.6920228556914,2526.77313980788,0.291499936980576,55.7262425383924,0.340218764619297,-6.96578031729905,-0.1
"148",2019.48733744011,65.5941260149581,166.608343055506,8288.67549915226,10457.6722939567,219.083643867472,59.0347134134623,2168.99679480445,0.261681953289918,52.4753008119665,0.314962023207231,-6.55941260149581,-0.1
"149",2019.4900752909,78.3332055035259,178.459627897409,11020.9845685824,14236.8716925336,241.12619230023,70.4998849531733,3215.88712395125,0.291796717792239,62.6665644028207,0.3511526116083,-7.83332055035258,-0.0999999999999999
"150",2019.49281314168,85.0067572579157,188.773081233678,12921.8185618121,16732.4638268754,256.77848704001,76.5060815321241,3810.64526506325,0.294900075158527,68.0054058063326,0.360249487701853,-8.50067572579157,-0.1
"151",2019.49555099247,84.1884838059397,182.118088894096,12227.5336824808,16007.9248942236,249.468875938847,75.7696354253457,3780.39121174286,0.309170378091805,67.3507870447518,0.369819315883098,-8.41884838059397,-0.1
"152",2019.49828884326,85.6048279767637,187.123399939214,12878.5457628045,16766.9855190346,255.607262320625,77.0443451790873,3888.43975623009,0.301931586674994,68.483862381411,0.36598235391008,-8.56048279767637,-0.1
"153",2019.50102669405,87.8188576499553,185.794194943596,13120.7625166908,17261.4355314608,256.04928106356,79.0369718849598,4140.67301476997,0.315581736160734,70.2550861199643,0.378133913932524,-8.78188576499554,-0.1
"154",2019.50376454483,58.4028871265924,164.358614075789,7138.94540798664,8780.89686898745,211.080923777063,52.5625984139331,1641.95146100081,0.229999161943988,46.7223097012739,0.284270526154044,-5.84028871265924,-0.1
"155",2019.50650239562,77.6625591718415,176.504272606893,10766.2095361197,13932.2492124339,238.634319944366,69.8963032546573,3166.03967631428,0.294071898349415,62.1300473374732,0.352003078564835,-7.76625591718415,-0.1
"156",2019.50924024641,76.5741693564359,182.085379146998,11028.6824262222,14047.6086406922,243.344714632147,68.9167524207923,3018.92621447004,0.273734077906907,61.2593354851488,0.336431929747055,-7.6574169356436,-0.1
"157",2019.51197809719,78.5848741832079,185.361181064318,11601.9632378101,14788.1862783103,248.229080410885,70.7263867648871,3186.22304050023,0.274627920739874,62.8678993465663,0.33916432224691,-7.85848741832079,-0.1
"158",2019.51471594798,81.4471531640445,189.973921971225,12436.6562908635,15869.2105679168,255.131644502461,73.3024378476401,3432.55427705333,0.27600298639555,65.1577225312357,0.342982457040103,-8.14471531640446,-0.1
"159",2019.51745379877,79.881118236876,166.844137466171,10330.6683161429,13791.9164810857,230.749032055672,71.8930064131884,3461.24816494282,0.335045909811488,63.9048945895008,0.383021516728198,-7.9881118236876,-0.1
"160",2019.52019164956,80.3057681921081,177.704373011461,11263.0419809796,14680.0295944274,241.948987565148,72.2751913728973,3416.98761344775,0.303380527145167,64.2446145536865,0.361525231287037,-8.03057681921081,-0.0999999999999999
"161",2019.52292950034,70.774536019608,173.395638753795,9502.6324801332,12058.8743952493,230.015267569481,63.6970824176472,2556.24191511605,0.269003554589772,56.6196288156864,0.326534330520739,-7.0774536019608,-0.0999999999999999
"162",2019.52566735113,73.5498400092701,168.214964691186,9533.43773996998,12374.9908210532,227.054836698602,66.1948560083431,2841.55308108325,0.298061744208989,58.8398720074161,0.349789759284712,-7.35498400092702,-0.1
"163",2019.52840520192,84.7103069663606,180.605528725861,12181.3921040305,16029.8548901887,248.373774298949,76.2392762697246,3848.46278615818,0.31592963704738,67.7682455730885,0.375227968109178,-8.47103069663606,-0.1
"164",2019.5311430527,85.384071905442,191.024498572279,13175.8477241604,17007.379561055,259.331756096632,76.8456647148978,3831.53183689462,0.290799644706639,68.3072575243536,0.357583755145982,-8.53840719054421,-0.1
"165",2019.53388090349,83.5569288680955,182.454946057202,12156.4517276314,15867.6740154132,249.300489151678,75.201235981286,3711.2222877818,0.305288284026683,66.8455430944764,0.366367393918275,-8.35569288680955,-0.1
"166",2019.53661875428,80.1196348905641,179.490091877498,11377.6897554349,14761.7130242895,243.58579978995,72.1076714015077,3384.02326885457,0.297426221104165,64.0957079124513,0.357098864020842,-8.01196348905641,-0.1
"167",2019.53935660506,84.3332535940646,181.729771906132,12217.5315998997,16016.4887563775,249.196374781383,75.8999282346581,3798.95715647781,0.310943100528506,67.4666028752516,0.371246836264671,-8.43332535940645,-0.0999999999999999
"168",2019.54209445585,85.5186767901387,177.189477452345,12015.0427331072,15979.2181973505,245.604418884456,76.9668091111248,3964.17546424335,0.329934362473814,68.4149414321109,0.386111762480428,-8.55186767901387,-0.1
"169",2019.54483230664,85.9722176812845,178.885609326194,12229.8871030086,16228.5783860953,247.663383471221,77.374995913156,3998.69128308661,0.326960604738772,68.7777741450276,0.384479078021379,-8.59722176812845,-0.1
"170",2019.54757015743,82.7561618831733,171.460565515904,11120.5142693353,14839.4421197382,237.665495022443,74.480545694856,3718.92785040294,0.334420491744509,66.2049295065386,0.386123359078724,-8.27561618831733,-0.1
"171",2019.55030800821,86.3907974009561,188.327013417681,13109.9509262701,17072.5821440557,257.439651338446,77.7517176608605,3962.63121778559,0.302261331111862,69.1126379207649,0.366982073716018,-8.63907974009561,-0.1
"172",2019.553045859,85.8727963012367,186.400317044022,12859.8965484763,16783.2856377361,255.098554085011,77.2855166711131,3923.38908925984,0.305087142378661,68.6982370409894,0.368552146962095,-8.58727963012367,-0.1
"173",2019.55578370979,85.4153883175653,184.000573510909,12581.0957291498,16475.953920472,252.332884164961,76.8738494858088,3894.85819132215,0.309580204711259,68.3323106540522,0.371370096028538,-8.54153883175653,-0.1
"174",2019.55852156057,78.6659198929338,173.418829397294,10675.5037439705,13963.5487754465,236.351565311641,70.7993279036404,3288.045031476,0.307999051879222,62.9327359143469,0.362894479988509,-7.86659198929337,-0.0999999999999999
"175",2019.56125941136,79.6691612296724,167.340662136401,10340.1611612833,13776.1112259034,231.075991120139,71.7022451067051,3435.95006462013,0.332291732307362,63.7353289837379,0.380871738942842,-7.96691612296723,-0.1
"176",2019.56399726215,81.8125701609056,176.725893783945,11413.0853304251,14990.9503755425,242.17594991267,73.631313144815,3577.86504511731,0.313487978187581,65.4500561287244,0.370347857506042,-8.18125701609056,-0.1
"177",2019.56673511294,85.7279420952948,181.350215077596,12403.582184759,16354.7056065269,249.932568753831,77.1551478857653,3951.12342176794,0.318546961910964,68.5823536762358,0.378176301841666,-8.57279420952948,-0.0999999999999999
"178",2019.56947296372,88.4668641222933,197.24405682581,14237.8915710815,18349.1003682686,268.017548123645,79.620177710064,4111.20879718711,0.288751236562116,70.7734912978347,0.358811780880861,-8.84668641222933,-0.1
"179",2019.57221081451,87.5263289987562,179.715105734745,12541.6452456167,16703.2986740139,249.73616893375,78.7736960988806,4161.65342839727,0.33182675373885,70.021063199005,0.389622580209558,-8.75263289987562,-0.1
"180",2019.5749486653,81.5085924222278,179.684790375506,11608.1395326348,15130.7540392014,244.891664313288,73.357733180005,3522.61450656657,0.303460730865888,65.2068739377822,0.362895901214081,-8.15085924222278,-0.1
"181",2019.57768651608,79.2551592760585,176.031081649109,10969.9924317356,14295.5869843109,239.435209069956,71.3296433484527,3325.5945525753,0.303153769090536,63.4041274208469,0.360187114837101,-7.92551592760586,-0.1
"182",2019.58042436687,81.4663072481163,175.093880412027,11227.5941777082,14783.3013959214,240.26692621052,73.3196765233046,3555.70721821321,0.3166935998874,65.173045798493,0.372217724829271,-8.14663072481163,-0.1
"183",2019.58316221766,86.6807525840185,161.200852223252,10805.9923732961,15035.1512013094,230.545454290466,78.0126773256167,4229.1588280133,0.391371628066704,69.3446020672147,0.430175157952499,-8.66807525840184,-0.0999999999999999
"184",2019.58590006845,89.2772366821609,187.640594589509,13520.102857295,17806.7985640793,259.062383935237,80.3495130139449,4286.69570678436,0.317060879789936,71.4217893457287,0.380630798479265,-8.92772366821609,-0.0999999999999999
"185",2019.58863791923,88.060677995407,198.013703254874,14235.7040111204,18295.5053764961,268.4622456512,79.2546101958663,4059.80136537571,0.285184446248977,70.4485423963256,0.355776096493925,-8.8060677995407,-0.1
"186",2019.59137577002,88.0262061266554,188.717413415909,13411.4227798717,17549.2818367223,259.138378317234,79.2235855139899,4137.85905685057,0.308532444675505,70.4209649013243,0.373155627912965,-8.80262061266554,-0.0999999999999999
"187",2019.59411362081,88.0107787192548,163.02692199076,11147.8568886286,15510.1171627199,233.435544966164,79.2097008473293,4362.26027409128,0.391309317806277,70.4086229754039,0.43188340990327,-8.80107787192549,-0.1
"188",2019.59685147159,85.4562195451406,172.140200783157,11574.0453020415,15574.6319022794,240.505176419269,76.9105975906265,4000.58660023788,0.345651541516969,68.3649756361124,0.397147065735279,-8.54562195451405,-0.0999999999999999
"189",2019.59958932238,84.9583618391011,178.991138222211,12082.8348410977,15971.4560943841,246.957827693492,76.462525655191,3888.62125328645,0.321830208260398,67.9666894712809,0.379720974716093,-8.49583618391011,-0.1
"190",2019.60232717317,84.2611678545994,175.124340388827,11649.652244564,15496.6469940267,242.533274672507,75.8350510691395,3846.9947494627,0.33022399885437,67.4089342836795,0.384920417881443,-8.42611678545994,-0.1
"191",2019.60506502396,85.6960230201966,173.733716151411,11745.8879631907,15758.8411871359,242.290534567568,77.126420718177,4012.95322394514,0.341647497108855,68.5568184161573,0.394608599498379,-8.56960230201966,-0.1
"192",2019.60780287474,87.1731270439814,184.344067870505,12890.5206721803,16972.8595415731,254.08256950569,78.4558143395833,4082.33886939278,0.316693093569376,69.7385016351851,0.378306188209831,-8.71731270439814,-0.1
"193",2019.61054072553,87.6644733144795,167.863952504066,11524.0931518938,15804.9269513881,237.99553115565,78.8980259830316,4280.83379949428,0.371468170472988,70.1315786515836,0.417788200536292,-8.76644733144795,-0.1
"194",2019.61327857632,88.43012437262,182.994884750525,12971.5073087267,17204.6751433751,253.738984248621,79.587111935358,4233.1678346484,0.32634355698975,70.744099498096,0.386590584728862,-8.843012437262,-0.1
"195",2019.6160164271,83.2944358354836,173.363251385036,11357.8333228346,15117.3833801802,239.998800053423,74.9649922519352,3759.55005734561,0.331009440840018,66.6355486683868,0.384369513931131,-8.32944358354835,-0.0999999999999999
"196",2019.61875427789,86.3031846995827,178.286825303288,12229.1411961623,16268.9596528351,247.329373062954,77.6728662296245,4039.81845667278,0.330343594196176,69.0425477596661,0.387255466814311,-8.63031846995827,-0.0999999999999999
"197",2019.62149212868,87.3695779337975,177.515992362916,12325.2578809023,16488.8111596096,247.411654709954,78.6326201404178,4163.55327870732,0.337806585382579,69.8956623470381,0.393742904042935,-8.73695779337976,-0.1
"198",2019.62422997947,87.9786838070131,184.944514338007,13071.7078536098,17237.5162074271,255.327461383617,79.1808154263118,4165.80835381738,0.318688911997601,70.3829470456104,0.380562501664568,-8.7978683807013,-0.0999999999999999
"199",2019.62696783025,87.6659854157583,191.230544486962,13572.7644886475,17648.9220390023,261.363332819568,78.8993868741825,4076.15755035473,0.300318888886939,70.1327883326067,0.366744698242432,-8.76659854157583,-0.1
"200",2019.62970568104,86.7340522090214,192.081193197392,13491.6289339282,17458.8790256054,261.468434964609,78.0606469881193,3967.25009167721,0.294052713064213,69.3872417672171,0.361239122957299,-8.67340522090214,-0.1
"201",2019.63244353183,80.5545166183809,182.736995979086,11706.4274639308,15107.8864238248,247.180609273791,72.4990649565428,3401.45895989405,0.290563365328529,64.4436132947047,0.352657725106087,-8.05545166183809,-0.1
"202",2019.63518138261,84.4483056621984,177.113997509391,11845.769357172,15695.8841784904,244.67264203915,76.0034750959786,3850.11482131839,0.325020241845867,67.5586445297587,0.381441588354282,-8.44483056621984,-0.0999999999999999
"203",2019.6379192334,83.0819242424277,172.292314385683,11237.3289052831,14983.4724325485,238.757853779625,74.773731818185,3746.14352726533,0.33336601240746,66.4655393939422,0.385771934348486,-8.30819242424278,-0.1
"204",2019.64065708419,80.968799883297,175.396073757252,11177.3895992845,14679.9321586259,240.171113663889,72.8719198949673,3502.54255934135,0.313359620171561,64.7750399066375,0.36930724000291,-8.09687998832969,-0.0999999999999999
"205",2019.64339493498,86.1376626429944,162.140987011825,10813.0040737519,14973.8854528075,231.05111712622,77.523896378695,4160.8813790556,0.384803459859594,68.9101301143955,0.425001299081582,-8.61376626429944,-0.1
"206",2019.64613278576,86.3985017061467,191.303134272746,13368.3416302014,17306.0922570696,260.421935637664,77.7586515355321,3937.75062686813,0.294557899236511,69.1188013649174,0.361305117282463,-8.63985017061468,-0.1
"207",2019.64887063655,82.2897738469473,185.604975679954,12216.1471273979,15770.0893681009,251.436794757512,74.0607964622526,3553.94224070306,0.290921695984852,65.8318190775578,0.354687792374027,-8.22897738469473,-0.1
"208",2019.65160848734,79.3930442450582,185.484642554944,11741.3643270171,15005.5718359537,248.999077950991,71.4537398205524,3264.20750893669,0.278009217500022,63.5144353960466,0.342424227263086,-7.93930442450582,-0.1
"209",2019.65434633812,71.2831181808084,177.731809022825,9887.19959254272,12457.0033483454,234.758303567472,64.1548063627275,2569.80375580267,0.259912195738509,57.0264945446467,0.320856997169949,-7.12831181808083,-0.0999999999999999
"210",2019.65708418891,57.7891225593103,164.097292450202,7038.31048107295,8638.97896701164,210.32859049765,52.0102103033793,1600.66848593869,0.227422261385474,46.2312980474482,0.281731022841086,-5.77891225593103,-0.0999999999999999
"211",2019.6598220397,51.2333997033141,159.01423188546,5866.00470812039,7069.30433382322,200.000951648111,46.1100597329827,1203.29962570283,0.205131036467988,40.9867197626513,0.257755040392702,-5.12333997033141,-0.1
"212",2019.66255989049,53.7104956208305,180.09024323426,7329.97383006724,8574.0449317419,223.058639730924,48.3394460587474,1244.07110167466,0.169723812187641,42.9683964966644,0.238593694611048,-5.37104956208304,-0.0999999999999999
"213",2019.66529774127,78.4117713431445,195.431784373247,12363.8581058792,15454.3245326134,258.161201447763,70.57059420883,3090.46642673418,0.249959713243928,62.7294170745156,0.320978582248992,-7.84117713431445,-0.1
"214",2019.66803559206,82.5839314493572,201.157853348283,13547.8080851805,17003.5034048776,267.224998507769,74.3255383044215,3455.69531969707,0.255074126970926,66.0671451594856,0.328434331843348,-8.25839314493571,-0.0999999999999999
"215",2019.67077344285,81.8135523584531,198.341191322773,13181.6586321623,16582.7820605928,263.792033209535,73.6321971226078,3401.1234284305,0.258019383094325,65.4508418867625,0.32999117051914,-8.18135523584532,-0.1
"216",2019.67351129363,72.0269511697735,193.866664655716,11162.9510093598,13681.9307286891,251.488225591535,64.8242560527961,2518.97971932934,0.225655359162399,57.6215609358188,0.297222635145387,-7.20269511697735,-0.1
"217",2019.67624914442,60.771822749862,174.918329385349,8110.81014036186,9858.84352337094,223.535787585239,54.6946404748758,1748.03338300908,0.215518962071413,48.6174581998896,0.277943760214999,-6.0771822749862,-0.1
"218",2019.67898699521,50.1960908929467,172.596605897147,6408.7726451036,7482.04161006497,212.753478611504,45.176481803652,1073.26896496137,0.167468722077599,40.1568727143573,0.232663165684078,-5.01960908929467,-0.1
"219",2019.681724846,70.1170404057352,167.791694485926,9012.13101187308,11550.7254464726,223.885326810514,63.1053363651617,2538.59443459953,0.281686365994352,56.0936323245882,0.334305178193985,-7.01170404057352,-0.1
"220",2019.68446269678,78.3874903329802,186.653999475174,11671.6513211478,14828.5972103392,249.363991741558,70.5487412996822,3156.94588919142,0.270479797787599,62.7099922663841,0.335969185994993,-7.83874903329801,-0.1
"221",2019.68720054757,80.0550535785386,169.52912106676,10570.2865306586,14027.6022320858,233.573163929591,72.0495482206848,3457.31570142728,0.327078711764295,64.0440428628309,0.377776056761426,-8.00550535785386,-0.1
"222",2019.68993839836,71.0895550143803,181.100727528118,10097.1312573949,12626.1000107981,237.972371539622,63.9805995129423,2528.96875340318,0.250464086178043,56.8716440115043,0.314033216695246,-7.10895550143803,-0.1
"223",2019.69267624914,75.151653719497,177.21404386698,10439.1371159356,13361.6185652202,237.335366842577,67.6364883475473,2922.48144928458,0.279954312011415,60.1213229755976,0.339258230689244,-7.51516537194971,-0.1
"224",2019.69541409993,65.1175122376306,172.890268902856,8630.24639510821,10720.2308436103,224.984278692961,58.6057610138675,2089.98444850211,0.242169731061996,52.0940097901045,0.301312561549517,-6.51175122376306,-0.1
"225",2019.69815195072,73.7025979145347,133.878874553527,7024.65591260563,10133.2828376782,192.840952885154,66.3323381230812,3108.62692507257,0.442530846172008,58.9620783316277,0.44041360915425,-7.37025979145346,-0.0999999999999999
"226",2019.70088980151,79.8916241258413,174.245741545815,10923.4846859607,14326.6597732992,238.159040846488,71.9024617132571,3403.17508733851,0.311546652480998,63.913299300673,0.366799777909453,-7.98916241258412,-0.1
"227",2019.70362765229,82.1926275678635,190.023150356171,12563.6863373003,16071.3698826571,255.777252410461,73.9733648110771,3507.68354535682,0.279192225210437,65.7541020542908,0.3460320594151,-8.21926275678635,-0.1
"228",2019.70636550308,81.9247060122033,190.216543477596,12535.3167527545,16014.1784452129,255.756308287359,73.732235410983,3478.86169245843,0.277524833322939,65.5397648097627,0.344553442153584,-8.19247060122034,-0.1
"229",2019.70910335387,78.9759488249182,177.28869370371,11027.1440805578,14315.2140273152,240.469452763644,71.0783539424264,3288.06994675741,0.298179648577791,63.1807590599345,0.356372184486418,-7.89759488249182,-0.0999999999999999
"230",2019.71184120465,72.1149298002608,173.716133907629,9724.65355691486,12396.5936332929,231.408077747838,64.9034368202347,2671.94007637802,0.274759410270004,57.6919438402086,0.332104695991481,-7.21149298002608,-0.1
"231",2019.71457905544,73.1111290968631,163.541987649714,9128.96114439422,11964.6358123839,222.030890927204,65.8000161871768,2835.67466798967,0.310624026451351,58.4889032774904,0.357638451862077,-7.3111129096863,-0.0999999999999999
"232",2019.71731690623,74.4760137607359,165.226667197188,9443.52319579994,12392.7780467163,224.807478205777,67.0284123846623,2949.25485091632,0.312304506460896,59.5808110085887,0.360600452816025,-7.44760137607359,-0.1
"233",2019.72005475702,81.6372634467483,181.545177954482,11779.9199339882,15300.4707444025,246.854988711881,73.4735371020735,3520.55081041431,0.298860334377706,65.3098107573986,0.359744122610479,-8.16372634467483,-0.0999999999999999
"234",2019.7227926078,87.7298286962487,194.305114152955,13853.1086620376,17909.2942428465,264.488977109954,78.9568458266238,4056.18558080891,0.292799665386607,70.183862956999,0.361204404026911,-8.77298286962487,-0.1
"235",2019.72553045859,79.1139929450849,187.539228577692,11859.1273829951,15079.7118380903,250.83042293376,71.2025936505764,3220.58445509525,0.271570103860532,63.2911943560679,0.337482428802079,-7.91139929450848,-0.0999999999999999
"236",2019.72826830938,81.5022529337623,198.708371926179,13157.6236654395,16524.5457068564,263.910174273189,73.3520276403861,3366.92204141691,0.255891346874484,65.2018023470098,0.328128109122813,-8.15022529337622,-0.0999999999999999
"237",2019.73100616016,72.479952984013,177.098020917595,10024.0574050687,12704.0590454485,235.081983304805,65.2319576856117,2680.00164037974,0.267356972539342,57.9839623872105,0.327411690355314,-7.24799529840131,-0.1
"238",2019.73374401095,61.2123749865858,166.128618893141,7638.81794102593,9472.74364000219,215.09851888241,55.0911374879272,1833.92569897625,0.240079775841594,48.9698999892686,0.294771005234008,-6.12123749865858,-0.1
"239",2019.73648186174,70.3487146984463,170.819300338379,9258.20035703168,11795.6183163294,227.098272097136,63.3138432286017,2537.41795929768,0.27407248292812,56.2789717587571,0.329464947153355,-7.03487146984463,-0.1
"240",2019.73921971253,79.1889804258821,188.459061033828,11944.1563846408,15164.7848732181,251.810245374533,71.2700823832939,3220.62848857725,0.269640515818991,63.3511843407057,0.336153560317985,-7.91889804258821,-0.1
"241",2019.74195756331,80.4747738014841,218.078232174465,14537.9270602305,17646.9905914555,282.458051215652,72.4272964213357,3109.06353122498,0.213858792821298,64.3798190411873,0.29521432927649,-8.04747738014841,-0.0999999999999999
"242",2019.7446954141,78.8318186152657,254.32978061175,17078.4836682641,19745.0433522946,317.395235503962,70.9486367537392,2666.55968403049,0.156135622800377,63.0654548922125,0.247967244498535,-7.88318186152657,-0.0999999999999999
"243",2019.74743326489,79.1670642979343,201.984047904516,13011.3075001655,16122.7220802273,265.317699342863,71.2503578681409,3111.4145800618,0.239131584586886,63.3336514383474,0.313557689804728,-7.91670642979342,-0.0999999999999999
"244",2019.75017111567,71.6087894976957,176.895498089081,9877.05274830866,12481.376961472,234.182529687238,64.4479105479261,2604.32421316335,0.263674223427561,57.2870315981565,0.323846746904253,-7.16087894976957,-0.1
"245",2019.75290896646,65.5321076724364,156.475188713713,7615.84622304093,9846.27073865092,208.900874851662,58.9788969051927,2230.42451561,0.292866275170064,52.4256861379491,0.335041526831881,-6.55321076724363,-0.1
"246",2019.75564681725,69.1512546687546,160.078209949074,8340.82769638793,10849.7100627785,215.399213684078,62.2361292018791,2508.88236639053,0.300795371600474,55.3210037350037,0.345587346039183,-6.91512546687546,-0.1
"247",2019.75838466804,72.403747137954,198.106128210669,11533.5323349955,14054.6369732201,256.029125921032,65.1633724241586,2521.10463822452,0.218589116065932,57.9229977103631,0.292383674515949,-7.24037471379539,-0.0999999999999999
"248",2019.76112251882,84.8327396289945,213.296188989572,14973.6815736843,18557.8608896476,281.162380692767,76.349465666095,3584.17931596332,0.239365268876987,67.8661917031956,0.318178172918568,-8.48327396289945,-0.1
"249",2019.76386036961,83.0398362694177,217.763981907376,15007.0894962295,18371.2229201157,284.19585092291,74.7358526424759,3364.13342388627,0.224169611617996,66.431869015534,0.305063621787511,-8.30398362694176,-0.0999999999999999
"250",2019.7665982204,84.3799551626948,213.892752417419,14938.7619795398,18471.2691015319,281.396716547575,75.9419596464253,3532.50712199205,0.23646585485666,67.5039641301559,0.315597248467865,-8.43799551626948,-0.1
"251",2019.76933607118,70.8680033881092,182.331756992953,10149.7874876337,12650.8459499067,239.02615970344,63.7812030492983,2501.0584622729,0.246414859948559,56.6944027104873,0.310940911476428,-7.08680033881092,-0.1
"252",2019.77207392197,64.3142319482776,169.459060344196,8290.77351400683,10339.8468729959,220.910445902818,57.8828087534498,2049.07335898905,0.247151047550298,51.4513855586221,0.303621331630878,-6.43142319482776,-0.1
"253",2019.77481177276,60.845172258397,175.458747149399,8154.68838808778,9904.75674002988,224.134884956117,54.7606550325573,1750.0683519421,0.214608856728182,48.6761378067176,0.277422121139797,-6.0845172258397,-0.0999999999999999
"254",2019.77754962355,78.5122304815853,197.257772415254,12524.3419301109,15610.1103784392,260.067556800523,70.6610074334268,3085.76844832828,0.24638168340881,62.8097843852682,0.318414750487221,-7.85122304815853,-0.1
"255",2019.78028747433,84.4024024853922,230.128774285584,16313.361368587,19711.1364243488,297.650696273898,75.962162236853,3397.77505576172,0.208281725574011,67.5219219883138,0.293409297459347,-8.44024024853923,-0.1
"256",2019.78302532512,78.7315902237833,215.033903561584,13961.6714238366,16928.5418568523,278.019175740611,70.858431201405,2966.87043301566,0.212501092666481,62.9852721790267,0.29290856528114,-7.87315902237833,-0.1
"257",2019.78576317591,80.3618307455234,213.043162155698,14111.4927700092,17250.1206583643,277.332626752117,72.325647670971,3138.62788835502,0.222416433151953,64.2894645964187,0.301767322386222,-8.03618307455234,-0.1
"258",2019.78850102669,66.2931159970576,186.781436907622,9724.99556308762,11816.7356113704,239.815929705268,59.6638043973518,2091.74004828276,0.215089049111982,53.0344927976461,0.283938777191632,-6.62931159970576,-0.1
"259",2019.79123887748,53.4423375410511,174.031594331947,6964.59676856893,8224.51716984522,216.785464364788,48.098103786946,1259.92040127629,0.180903567448769,42.7538700328409,0.245667289304333,-5.34423375410511,-0.1
"260",2019.79397672827,46.9954338158592,165.84694191726,5619.16313703877,6547.41779900427,203.443288969948,42.2958904342733,928.2546619655,0.165194467454931,37.5963470526873,0.226693037677136,-4.69954338158592,-0.1
"261",2019.79671457906,62.8872292301563,198.900504745698,9936.12090518257,11689.9674068416,249.210288129823,56.5985063071407,1753.84650165903,0.176512194084136,50.3097833841251,0.252939445520504,-6.28872292301563,-0.1
"262",2019.79945242984,78.5401002157593,208.674036088668,13425.7772014369,16424.5535674623,271.506116261275,70.6860901941834,2998.7763660254,0.223359610474129,62.8320801726074,0.301101571380493,-7.85401002157593,-0.1
"263",2019.80219028063,81.5614886008677,190.525324987186,12500.4919070973,15940.081740796,255.77451586788,73.4053397407809,3439.58983369869,0.275156358586643,65.2491908806941,0.34246990989299,-8.15614886008676,-0.0999999999999999
"264",2019.80492813142,77.2128897983647,174.522124621233,10545.0353307966,13683.0496504473,236.292436459925,69.4916008185282,3138.01431965072,0.29758215323245,61.7703118386918,0.35393971952125,-7.72128897983647,-0.1
"265",2019.8076659822,63.1727969982882,171.340458432835,8244.73607321389,10193.6401079151,221.878696031465,56.8555172984594,1948.9040347012,0.236381615784275,50.5382375986305,0.294957992180472,-6.31727969982882,-0.1
"266",2019.81040383299,52.2954711412027,162.721986252395,6202.23615757122,7451.08027916796,204.558363165357,47.0659240270824,1248.84412159674,0.201353848816648,41.8363769129622,0.257103406100702,-5.22954711412027,-0.1
"267",2019.81314168378,52.6764623255862,168.158478714715,6541.08221060391,7784.83696140353,210.299648575184,47.4088160930276,1243.75475079962,0.190145103020313,42.1411698604689,0.250603895697478,-5.26764623255862,-0.1
"268",2019.81587953457,51.8684891400718,176.64802129224,6865.75374550992,8016.22329024402,218.142812604297,46.6816402260646,1150.46954473411,0.167566386354374,41.4947913120574,0.23490096865229,-5.18684891400718,-0.1
"269",2019.81861738535,68.3989446349417,190.320337205972,10307.7365915812,12545.4221839882,245.039492913925,61.5590501714476,2237.68559240704,0.217087968102975,54.7191557079533,0.287510817347566,-6.83989446349417,-0.0999999999999999
"270",2019.82135523614,77.6930559544121,170.091496477665,10272.6017543486,13491.4134582592,232.245941241195,69.9237503589708,3218.81170391063,0.313339481163868,62.1544447635297,0.365417707825807,-7.76930559544121,-0.1
"271",2019.82409308693,63.3590422404951,167.573385755236,8033.31317043642,10020.3269816084,218.260619547632,57.0231380164456,1987.013811172,0.247346738389891,50.6872337923961,0.302477828230025,-6.33590422404951,-0.1
"272",2019.82683093771,41.4249987220633,171.575724381294,5071.89919518059,5700.25124943105,204.715723358944,37.2824988498569,628.352054250459,0.123888908290514,33.1399989776506,0.193150861505345,-4.14249987220632,-0.0999999999999999
"273",2019.8295687885,22.7614528441155,150.447345505322,1855.36383913885,1942.84774483889,168.656507780614,20.4853075597039,87.4839057000381,0.0471518867914571,18.2091622752924,0.121033456683011,-2.27614528441155,-0.1
"274",2019.83230663929,30.7085763579712,156.625060634021,3042.01822510244,3316.78839918421,181.191921720398,27.6377187221741,274.770174081767,0.0903249598619724,24.566861086377,0.156851406709308,-3.07085763579712,-0.1
"275",2019.83504449008,46.0484303859306,168.795377582179,5621.55143441159,6486.12600849612,205.634121890924,41.4435873473376,864.574574084528,0.153796435765427,36.8387443087445,0.218244982987222,-4.60484303859306,-0.0999999999999999
"276",2019.83778234086,71.1973318986453,175.402961916134,9708.28959808231,12287.1838883039,232.36082743505,64.0775987087808,2578.89429022158,0.265638376787915,56.9578655189163,0.324725790811615,-7.11973318986453,-0.1
"277",2019.84052019165,64.9219549438301,172.629050253021,8584.36654892706,10660.629262319,224.566614208085,58.4297594494471,2076.26271339196,0.241865570576255,51.937563955064,0.300862246991104,-6.492195494383,-0.1
"278",2019.84325804244,63.03687038639,167.088189476792,7956.79478348534,9922.14116537639,217.517685785904,56.733183347751,1965.34638189105,0.247002271061484,50.429496309112,0.301813649827815,-6.303687038639,-0.1
"279",2019.84599589322,49.6864613837546,171.222709085679,6265.28898841356,7316.25608985653,210.971878192682,44.7178152453791,1050.96710144297,0.167744393496697,39.7491691070036,0.232148932342341,-4.96864613837545,-0.0999999999999999
"280",2019.84873374401,27.4912173519137,156.209151978675,2607.09931560603,2790.54164671835,178.202125860206,24.7420956167223,183.442331112313,0.070362617186937,21.992973881531,0.140791839677443,-2.74912173519137,-0.1
"281",2019.8514715948,29.7278605627811,153.171529987922,2810.26537159926,3065.53573386024,176.953818438147,26.755074506503,255.270362260985,0.0908349669895111,23.7822884502249,0.155265723676588,-2.97278605627811,-0.1
"282",2019.85420944559,54.0034873794408,162.788985276305,6441.08572739486,7796.7683420372,205.991775179857,48.6031386414967,1355.68261464234,0.210474238663898,43.2027899035526,0.2653913582066,-5.40034873794408,-0.1
"283",2019.85694729637,80.3844132131248,175.798815873043,11121.8743271886,14562.077693555,240.106346443542,72.3459718918123,3440.20336636638,0.309318669242328,64.3075305704998,0.365801841446652,-8.03844132131248,-0.1
"284",2019.85968514716,87.0926581081267,175.779804010919,12131.8139203333,16279.9269176641,245.45393049742,78.383392297314,4148.11299733078,0.341920262260074,69.6741264865013,0.396371624593309,-8.70926581081267,-0.1
"285",2019.86242299795,70.3744670422542,169.733561850367,9185.54727834668,11732.8397907786,226.03313548417,63.3370203380288,2547.29251243188,0.277315268784983,56.2995736338033,0.331693820715527,-7.03744670422542,-0.1
"286",2019.86516084873,55.7627666953149,165.6682966897,6844.05340973506,8298.47809641316,210.278510045951,50.1864900257834,1454.4246866781,0.212509254327167,44.6102133562519,0.26927429235183,-5.57627666953149,-0.0999999999999999
"287",2019.86789869952,25.1592725240707,163.520877532093,2485.08450810336,2592.32813293015,183.64829555135,22.6433452716637,107.243624826796,0.0431549206785911,20.1274180192566,0.123087756884783,-2.51592725240707,-0.1
"288",2019.87063655031,22.2830325533146,154.78648100549,1892.03638122549,1990.61905253996,145.873267984165,23.3971841809803,98.5826713144775,0.0521040040734443,-8.91321302132584,-0.0575839244062257,1.11415162766573,0.0500000000000001
"289",2019.8733744011,57.7372782954745,162.995353216237,6967.47611212817,8570.91568049308,209.185175852617,51.963550465927,1603.43956836491,0.230132051055594,46.1898226363796,0.283381223605203,-5.77372782954745,-0.1
"290",2019.87611225188,69.6509725337489,164.58886111275,8722.49993138143,11243.1556801692,220.309639139749,62.685875280374,2520.65574878773,0.288983177829446,55.7207780269991,0.338545255433952,-6.96509725337489,-0.1
"291",2019.87885010267,74.9545301592584,175.017896523007,10244.5209493623,13165.1596002306,234.981520650414,67.4590771433326,2920.6386508683,0.285092750095856,59.9636241274067,0.34261424299271,-7.49545301592583,-0.0999999999999999
"292",2019.88158795346,71.7266434187407,174.547308315845,9726.52645780306,12358.0660028286,231.928623050837,64.5539790768667,2631.53954502551,0.270552859383255,57.3813147349925,0.328743624227998,-7.17266434187407,-0.0999999999999999
"293",2019.88432580424,63.5952355398994,168.656980975253,8135.89954207203,10134.244455895,219.533169407172,57.2357119859094,1998.344913823,0.245620647537404,50.8761884319195,0.301654803363193,-6.35952355398994,-0.1
"294",2019.88706365503,49.37563370426,164.985580748925,5911.87675893703,6976.01538970535,204.486087712333,44.438070333834,1064.13863076832,0.180000137715938,39.500506963408,0.239417934489196,-4.937563370426,-0.0999999999999999
"295",2019.88980150582,46.2530504667623,162.08754644408,5340.71720404265,6246.97365142461,199.08998681749,41.6277454200861,906.256447381955,0.169688154747449,37.0024403734099,0.228286757281354,-4.62530504667623,-0.1
"296",2019.8925393566,70.5387956428208,211.21671633551,12135.5028988677,14404.4722263134,267.647752849767,63.4849160785387,2268.96932744577,0.186969534460535,56.4310365142566,0.267171261315406,-7.05387956428208,-0.1
"297",2019.89527720739,83.473014895443,227.598911260403,15911.5419374401,19237.1635790252,294.377323176757,75.1257134058987,3325.62164158507,0.209006874045301,66.7784119163543,0.293403916330475,-8.34730148954429,-0.1
"298",2019.89801505818,75.1927353641625,221.886072562964,13804.4023511162,16394.804281117,282.040260854294,67.6734618277462,2590.40193000075,0.187650422243111,60.15418829133,0.271103939046288,-7.51927353641625,-0.1
"299",2019.90075290897,69.1086846311536,205.100939371835,11446.5390208226,13640.6125285831,260.387887076758,62.1978161680382,2194.07350776047,0.191680079347057,55.2869477049228,0.269559700088409,-6.91086846311536,-0.1
"300",2019.90349075975,53.2557276469048,188.33315293473,7698.42590840225,8870.62753714696,230.937735052254,47.9301548822143,1172.20162874471,0.152265104930781,42.6045821175238,0.22621923678137,-5.32557276469048,-0.1
"301",2019.90622861054,34.0098647978707,190.564376865268,4630.82207253146,4900.54291584832,217.772268703564,30.6088783180836,269.720843316854,0.0582447002049055,27.2078918382965,0.142775330236737,-3.40098647978707,-0.1
"302",2019.90896646133,48.4780544951057,170.10658476983,6034.48492407051,7023.12410435738,208.889028365915,43.6302490455951,988.639180286866,0.163831576800094,38.7824435960845,0.22798907901514,-4.84780544951057,-0.0999999999999999
"303",2019.91170431211,68.5228427508203,202.67933745811,11175.093300712,13338.2575552714,257.497611658766,61.6705584757382,2163.16425455942,0.193570129246402,54.8182742006562,0.270467995840899,-6.85228427508203,-0.1
"304",2019.9144421629,80.0831876461589,252.390273342748,17210.1379290186,20006.7123354871,316.456823459675,72.074868881543,2796.57440646847,0.162495757907498,64.0665501169271,0.25383921998422,-8.00831876461589,-0.1
"305",2019.91718001369,82.5043034302237,250.169200926883,17577.4280764126,20620.6965296159,316.172643671062,74.2538730872013,3043.26845320336,0.173135025213795,66.0034427441789,0.263835206330893,-8.25043034302236,-0.0999999999999999
"306",2019.91991786448,84.7120340921577,231.125847810029,16461.3398469581,19882.0185406846,298.895475083756,76.240830682942,3420.67869372643,0.207800745597178,67.7696272737262,0.293215267421879,-8.47120340921578,-0.1
"307",2019.92265571526,81.0052973413954,197.960034112984,13010.6789915002,16334.148994455,262.7642719861,72.9047676072559,3323.47000295486,0.255441703321254,64.8042378731163,0.327360207647418,-8.10052973413954,-0.1
"308",2019.92539356605,74.3453371488996,185.376936765352,10923.2774347279,13710.5546834192,244.853206484472,66.9108034340097,2787.27724869137,0.255168585193114,59.4762697191197,0.320839640339963,-7.43453371488997,-0.1
"309",2019.92813141684,74.8345308059791,212.396412338512,13023.7225920763,15653.4993735534,272.264036983295,67.3510777253812,2629.77678147711,0.201922051309437,59.8676246447833,0.281867400610176,-7.48345308059791,-0.1
"310",2019.93086926762,82.4193656484403,224.533302215,15445.4081942988,18691.7926952707,290.468794733752,74.1774290835963,3246.38450097185,0.210184441882872,65.9354925187522,0.293655737782791,-8.24193656484402,-0.1
"311",2019.93360711841,80.341948518823,243.292900454797,16538.0769703638,19431.7459314243,307.566459269855,72.3077536669407,2893.66896106049,0.174970098775446,64.2735588150584,0.264181810052449,-8.0341948518823,-0.1
"312",2019.9363449692,85.9351464869832,225.589275627706,16237.6687847847,19830.9934755585,294.337392817292,77.3416318382849,3593.32469077379,0.221295602121215,68.7481171895865,0.304749048900014,-8.59351464869832,-0.1
"313",2019.93908281999,85.6243773354191,261.314557291177,19234.2868233523,22489.5626167534,329.814059159513,77.0619396018772,3255.2757934011,0.169243384134673,68.4995018683353,0.262134274410161,-8.56243773354191,-0.1
"314",2019.94182067077,82.0179534451047,219.889037579933,14984.4000111922,18229.3601849458,285.503400336016,73.8161581005942,3244.9601737536,0.216555896220728,65.6143627560838,0.298397607621672,-8.20179534451047,-0.1
"315",2019.94455852156,73.5298577859226,218.537230700791,13230.7650497105,15700.4693346724,277.361116929529,66.1768720073304,2469.70428496191,0.186663754944084,58.823886228738,0.269171005965919,-7.35298577859226,-0.0999999999999999
"316",2019.94729637235,51.8064662983253,223.300805342112,9273.26398888691,10178.3527542283,264.745978380773,46.6258196684928,905.088765341363,0.0976019626343025,41.4451730386603,0.185602434237366,-5.18064662983253,-0.1
"317",2019.95003422313,71.5607495804241,233.620356137796,13929.0290629557,16123.2035906289,290.868955802135,64.4046746223816,2194.17452767319,0.157525303289704,57.2485996643393,0.245049706330267,-7.15607495804241,-0.1
"318",2019.95277207392,82.7160598429691,243.238433110141,17051.8232931743,20172.8424841377,309.411280984517,74.4444538586722,3121.01919096344,0.183031405926706,66.1728478743753,0.272049309923039,-8.27160598429691,-0.1
"319",2019.95550992471,86.6010553291664,239.511043629375,17576.8827580647,21119.0092868285,308.791887892708,77.9409497962497,3542.12652876377,0.201521884029098,69.2808442633331,0.289259498073667,-8.66010553291663,-0.1
"320",2019.9582477755,89.0228757056629,252.89354867961,19287.7390582274,22965.0172796169,324.111849244141,80.1205881350966,3677.27822138951,0.190653669167145,71.2183005645303,0.281613749881601,-8.90228757056629,-0.1
"321",2019.96098562628,85.4609401086389,237.730501085866,17180.1486125799,20620.7057959837,306.099253172777,76.914846097775,3440.55718340372,0.20026352862189,68.3687520869112,0.287589315525891,-8.5460940108639,-0.1
"322",2019.96372347707,85.4635259037592,249.457579429977,18182.9361539089,21523.5328056479,317.828400152984,76.9171733133833,3340.59665173892,0.183721519091446,68.3708207230073,0.274077944952557,-8.54635259037592,-0.1
"323",2019.96646132786,87.4095451317628,247.818156638535,18476.4337188722,22029.898924687,317.745792743945,78.6685906185865,3553.46520581478,0.192324193071155,69.9276361054102,0.282173175097117,-8.74095451317628,-0.1
"324",2019.96919917864,88.629926555538,243.821830383072,18394.1627556,22110.5364745329,314.725771627502,79.7669338999842,3716.37371893284,0.202040928326646,70.9039412444304,0.290802267922574,-8.8629926555538,-0.1
"325",2019.97193702943,87.0299285660292,244.964360179713,18143.4825535127,21682.5643938313,314.588303032536,78.3269357094263,3539.0818403186,0.195060778981123,69.6239428528234,0.284220703786238,-8.70299285660292,-0.1
"326",2019.97467488022,88.7429122494228,245.125710019201,18534.5965680758,22251.3561329146,316.120039818739,79.8686210244805,3716.75956483872,0.200530912619944,70.9943297995382,0.289624167917666,-8.87429122494227,-0.0999999999999999
"327",2019.97741273101,89.8445681629899,250.216627085082,19234.4906035843,23022.9149716697,322.092281615474,80.8601113466909,3788.42436808535,0.196959953146842,71.8756545303919,0.287253710385728,-8.98445681629899,-0.1
"328",2019.98015058179,88.5263294674513,234.359928508638,17533.8660084377,21323.0553340594,305.180992082599,79.6736965207062,3789.18932562164,0.21610689415547,70.8210635739611,0.302189303541073,-8.85263294674513,-0.1
"329",2019.98288843258,88.6836930732631,245.070682084516,18516.6808244069,22227.6668822874,316.017636543127,79.8153237659368,3710.98605788048,0.200413135219624,70.9469544586104,0.289495886881089,-8.8683693073263,-0.0999999999999999
"330",2019.98562628337,89.1720765552485,245.49865832573,18662.3232405516,22421.2855672625,316.836319569929,80.2548688997236,3758.9623267109,0.201419848871924,71.3376612441988,0.29058269291862,-8.91720765552485,-0.1
"331",2019.98836413415,89.7897681893877,252.734482017179,19448.2263490528,23208.1894936304,324.566296568689,80.8107913704489,3759.96314457759,0.193331930485307,71.8318145515102,0.284218496732977,-8.97897681893878,-0.1
"332",2019.99110198494,90.0304504534732,248.159335806357,19091.1355255442,22917.9690193656,320.183696169135,81.0274054081258,3826.83349382138,0.200450805490382,72.0243603627785,0.290234337260559,-9.00304504534731,-0.0999999999999999
"333",2019.99383983573,90.0302792981431,242.844426210368,18612.5945352632,22487.2599388981,314.868649648883,81.0272513683288,3874.66540363487,0.208174384086753,72.0242234385145,0.296585861831238,-9.00302792981431,-0.1
"334",2019.99657768652,89.7739624118,244.862688937665,18737.9447724472,22566.8926107255,316.681858867105,80.79656617062,3828.94783827829,0.204341932094308,71.81916992944,0.293303852216224,-8.97739624118,-0.1
"335",2019.9993155373,84.7121035039418,231.288318402025,16475.1173801264,19894.4267877588,299.058001205178,76.2408931535476,3419.30940763239,0.207543857123411,67.7696828031534,0.293009535766334,-8.47121035039417,-0.1
"336",2020.00205338809,81.8850458839019,169.659498724606,10845.4496906066,14488.6204539202,235.167535431727,73.6965412955118,3643.17076331362,0.335916985209845,65.5080367071215,0.386114760444125,-8.18850458839019,-0.0999999999999999
"337",2020.00479123888,62.1321261584209,168.675892309043,7926.88866686916,9813.68859287772,218.38159323578,55.9189135425788,1886.79992600856,0.238025283979897,49.7057009267368,0.294681713233018,-6.2132126158421,-0.1
"338",2020.00752908966,56.6655582794667,178.52153460839,7699.38346650492,9141.35467634345,223.853981231964,50.9990024515201,1441.97120983853,0.187283983985422,45.3324466235734,0.253932651447434,-5.66655582794667,-0.1
"339",2020.01026694045,69.2541630805279,179.782430043566,9719.32765223751,12100.6150418825,235.185760507988,62.3287467724751,2381.28738964498,0.245005361980648,55.4033304644223,0.308168770724684,-6.92541630805278,-0.0999999999999999
"340",2020.01300479124,69.6897614033883,186.242840525847,10236.9750842509,12610.0748238378,241.994649648558,62.7207852630495,2373.09973958697,0.231816500485371,55.7518091227106,0.299350079526806,-6.96897614033882,-0.1
"341",2020.01574264203,64.6885899132355,179.072623553774,8966.7407619264,10982.9885245069,230.823495484362,58.2197309219119,2016.24776258054,0.224858487170914,51.7508719305883,0.288993766347808,-6.46885899132354,-0.0999999999999999
"342",2020.01848049281,55.0342973960315,168.489606182888,6896.8496599085,8287.88189462753,212.517044099713,49.5308676564283,1391.03223471903,0.201690960846243,44.0274379168252,0.261306551271984,-5.50342973960315,-0.1
"343",2020.0212183436,45.396804860223,164.174561763028,5318.08042186325,6170.09870156929,200.492005651207,40.8571243742007,852.018279706037,0.160211620005461,36.3174438881784,0.221212369920009,-4.5396804860223,-0.0999999999999999
"344",2020.02395619439,29.4858088904436,165.811816733984,3151.95031773443,3362.7325926261,189.400463846339,26.5372280013993,210.782274891667,0.0668736032118595,23.5886471123549,0.142261556365423,-2.94858088904436,-0.0999999999999999
"345",2020.02669404517,48.7879440367696,169.364202364235,6043.23262585917,7052.69907127443,208.39455759365,43.9091496330927,1009.46644541526,0.167040805461587,39.0303552294157,0.230452212950391,-4.87879440367696,-0.1
"346",2020.02943189596,60.3653593016956,186.239211287863,8733.26292291384,10383.5997852309,234.531498729219,54.328823371526,1650.33686231704,0.188971393267799,48.2922874413565,0.259302469696959,-6.03653593016956,-0.0999999999999999
"347",2020.03216974675,54.6996114071299,199.261097414649,8532.01431196133,9733.08707219073,243.020786540353,49.2296502664169,1201.0727602294,0.140772473687201,43.7596891257039,0.219609796861867,-5.46996114071299,-0.1
"348",2020.03490759754,70.187939440983,203.727855529156,11544.5399002971,13837.0556372066,259.878207081942,63.1691454968847,2292.51573690947,0.198580086924942,56.1503515527863,0.275614502528107,-7.01879394409829,-0.0999999999999999
"349",2020.03764544832,65.307017597874,213.557663746656,11314.1386645169,13153.5295122861,265.803277824956,58.7763158380866,1839.3908477692,0.162574536366418,52.2456140782991,0.244644060820398,-6.53070175978739,-0.0999999999999999
"350",2020.04038329911,53.2069749745688,177.481902450838,7113.10076777637,8340.09786487869,220.047482430493,47.886277477112,1226.99709710233,0.172498202564604,42.5655799796551,0.239830537039942,-5.32069749745688,-0.1
"351",2020.0431211499,38.2908709454623,171.249286617003,4600.01255971758,5095.66867813449,201.881983373373,34.4617838509161,495.656118416918,0.107751035890074,30.6326967563699,0.178877806509522,-3.82908709454623,-0.1
"352",2020.04585900068,31.5443417292223,182.344624311379,3963.33259853423,4183.43209517437,207.580097694757,28.3899075563001,220.099496640143,0.0555339455289579,25.2354733833778,0.138394391820867,-3.15443417292223,-0.1
"353",2020.04859685147,62.5032607201882,188.050362456306,9191.17931512771,10984.8548560871,238.052971032457,56.2529346481694,1793.67554095942,0.195151838459644,50.0026085761506,0.265900091459641,-6.25032607201882,-0.1
"354",2020.05133470226,73.9340071674081,199.120229309652,11873.4062817706,14521.7565929914,258.267435043579,66.5406064506673,2648.35031122079,0.223048908491142,59.1472057339264,0.297042675869695,-7.3934007167408,-0.0999999999999999
"355",2020.05407255305,65.5706645184271,173.994459630954,8769.66572756564,10888.3478274885,226.450991245696,59.0135980665844,2118.68209992288,0.241592116021394,52.4565316147417,0.301483919235147,-6.55706645184271,-0.1
"356",2020.05681040383,54.9552874379577,175.829196365423,7288.86184029798,8634.43586078794,219.793426315789,49.4597586941619,1345.57402048996,0.184606876899583,43.9642299503661,0.250039418135063,-5.49552874379577,-0.1
"357",2020.05954825462,49.6982469708243,159.813605540094,5699.99986315887,6808.33921826358,199.572203116753,44.7284222737419,1108.33935510471,0.194445505563658,39.7585975766594,0.24878105617037,-4.96982469708243,-0.0999999999999999
"358",2020.06228610541,27.5802794625342,161.385345354952,2761.54593948382,2933.0750525021,183.449568924979,24.8222515162808,171.529113018289,0.0621134381890278,22.0642235700274,0.136717640139501,-2.75802794625342,-0.0999999999999999
"359",2020.06502395619,51.1971333946219,168.41259032586,6342.31351738133,7495.30762247843,209.370297041558,46.0774200551597,1152.9941050971,0.181793930864073,40.9577067156975,0.243198603123726,-5.11971333946219,-0.0999999999999999
"360",2020.06776180698,69.3130101001061,175.342343842893,9420.68039725609,11837.7035833094,230.792751922978,62.3817090900955,2417.02318605332,0.256565670857204,55.4504080800849,0.316240828454811,-6.93130101001061,-0.1
"361",2020.07049965777,71.0118730175797,172.804462827674,9495.87174575038,12077.01856999,229.613961241738,63.9106857158217,2581.14682423966,0.271817784964796,56.8094984140637,0.328750180895015,-7.10118730175797,-0.1
"362",2020.07323750856,63.5214317718046,180.294548655514,8864.53207695444,10783.2589211838,231.111694072958,57.1692885946241,1918.72684422937,0.216449873222026,50.8171454174437,0.281856250210533,-6.35214317718046,-0.1
"363",2020.07597535934,48.6383792598332,159.807484248629,5556.81754594879,6604.43398601074,198.718187656495,43.7745413338499,1047.61644006195,0.188528133486355,38.9107034078666,0.243484862995085,-4.86383792598333,-0.1
"364",2020.07871321013,29.86635167947,164.104651457567,3154.54844068178,3381.33284971568,187.997732801143,26.879716511523,226.784409033903,0.0718912431678776,23.893081343576,0.145596612474779,-2.986635167947,-0.1
"365",2020.08145106092,23.2794093961708,159.878429624216,2139.89018193473,2244.52886506623,150.566665865748,24.4433798659793,104.638683131496,0.0488990902499911,-9.31176375846832,-0.0582427772173834,1.16397046980854,0.0500000000000001
